@file,1,TouchOSC Bridge
Back,,Button,B003,,,,,B003,,,,,,
BeatJump,,Button,,B02B,B11C,,,,B02B,B11C,,,Fast;,
BrowseDown,,Button,B005,,,,,B005,,,,,,
BrowseUp,,Button,B004,,,,,B004,,,,,,
CFXOn,,Button,B008,,,,,B008,,,,,,
CFXParameterCH1,,KnobSlider,B01F,,,,,,,,,,Fast;,
CFXParameterCH2,,KnobSlider,B110,,,,,,,,,,Fast;,
ChannelFader,,KnobSlider,,B015,B106,,,,,,,,,
CrossFader,,KnobSlider,B001,,,,,,,,,,Fast;,
Cue,,Button,,B011,B102,,,,B011,B102,,,Fast;Blink=500;Priority=50;,
EQHigh,,KnobSlider,,B022,B113,,,,,,,,Fast;,
EQLow,,KnobSlider,,B020,B111,,,,,,,,Fast;,
EQMid,,KnobSlider,,B021,B112,,,,,,,,Fast;,
Forward,,Button,B002,,,,,B002,,,,,,
Gain,,KnobSlider,,B01C,B10D,,,,,,,,Fast;,
HeadphoneCue,,Button,,B016,B107,,,,B016,B107,,,,
HotCue,,Button,,B029,B11A,,,,B029,B11A,,,Fast;,
Load,,Button,,B01D,B10E,,,,B01D,B10E,,,,
LoopDouble,,Button,,B01B,B10C,,,,B01B,B10C,,,Fast;,
LoopHalf,,Button,,B01A,B10B,,,,B01A,B10B,,,Fast;,
LoopIn,,Button,,B017,B108,,,,B017,B108,,,Fast;,
LoopOut,,Button,,B018,B109,,,,B018,B109,,,Fast;,
MasterLevel,,KnobSlider,B006,,,,,,,,,,,
NeedleSearch,,Value,,B023,B114,,,,,,,,Max=16383;,
NoFunction,,Button,,B000,,,,,B000,,,,Fast;,
NoFunction,,Button,B060,,,,,B060,,,,,,
NoFunction,,Button,,B05F,,,,,B05F,,,,,
NoFunction,,Button,,,,,,,B01C,,,,Fast;,
PAD1_BeatJump,,DdjSxPad,,B045,B136,,,,B045,B136,,,Fast;,
PAD1_HotCue,,DdjSxPad,,B02D,B11E,,,,B02D,B11E,,,Fast;,
PAD1_HotCue+Shift,,DdjSxPad,,B035,B126,,,,B035,B126,,,Fast;,
PAD1_PadFx1,,DdjSxPad,,B03D,B12E,,,,B03D,B12E,,,Fast;,
PAD1_Sampler,,DdjSxPad,,B04D,B13E,,,,B04D,B13E,,,Fast;,
PAD2_BeatJump,,DdjSxPad,,B046,B137,,,,B046,B137,,,Fast;,
PAD2_HotCue,,DdjSxPad,,B02E,B11F,,,,B02E,B11F,,,Fast;,
PAD2_HotCue+Shift,,DdjSxPad,,B036,B127,,,,B036,B127,,,Fast;,
PAD2_PadFx1,,DdjSxPad,,B03E,B12F,,,,B03E,B12F,,,Fast;,
PAD2_Sampler,,DdjSxPad,,B04E,B13F,,,,B04E,B13F,,,Fast;,
PAD3_BeatJump,,DdjSxPad,,B047,B138,,,,B047,B138,,,Fast;,
PAD3_HotCue,,DdjSxPad,,B02F,B120,,,,B02F,B120,,,Fast;,
PAD3_HotCue+Shift,,DdjSxPad,,B037,B128,,,,B037,B128,,,Fast;,
PAD3_PadFx1,,DdjSxPad,,B03F,B130,,,,B03F,B130,,,Fast;,
PAD3_Sampler,,DdjSxPad,,B04F,B140,,,,B04F,B140,,,Fast;,
PAD4_BeatJump,,DdjSxPad,,B048,B139,,,,B048,B139,,,Fast;,
PAD4_HotCue,,DdjSxPad,,B030,B121,,,,B030,B121,,,Fast;,
PAD4_HotCue+Shift,,DdjSxPad,,B038,B129,,,,B038,B129,,,Fast;,
PAD4_PadFx1,,DdjSxPad,,B040,B131,,,,B040,B131,,,Fast;,
PAD4_Sampler,,DdjSxPad,,B050,B141,,,,B050,B141,,,Fast;,
PAD5_BeatJump,,DdjSxPad,,B049,B13A,,,,B049,B13A,,,Fast;,
PAD5_HotCue,,DdjSxPad,,B031,B122,,,,B031,B122,,,Fast;,
PAD5_HotCue+Shift,,DdjSxPad,,B039,B12A,,,,B039,B12A,,,Fast;,
PAD5_PadFx1,,DdjSxPad,,B041,B132,,,,B041,B132,,,Fast;,
PAD5_Sampler,,DdjSxPad,,B051,B142,,,,B051,B142,,,Fast;,
PAD6_BeatJump,,DdjSxPad,,B04A,B13B,,,,B04A,B13B,,,Fast;,
PAD6_HotCue,,DdjSxPad,,B032,B123,,,,B032,B123,,,Fast;,
PAD6_HotCue+Shift,,DdjSxPad,,B03A,B12B,,,,B03A,B12B,,,Fast;,
PAD6_PadFx1,,DdjSxPad,,B042,B133,,,,B042,B133,,,Fast;,
PAD6_Sampler,,DdjSxPad,,B052,B143,,,,B052,B143,,,Fast;,
PAD7_BeatJump,,DdjSxPad,,B04B,B13C,,,,B04B,B13C,,,Fast;,
PAD7_HotCue,,DdjSxPad,,B033,B124,,,,B033,B124,,,Fast;,
PAD7_HotCue+Shift,,DdjSxPad,,B03B,B12C,,,,B03B,B12C,,,Fast;,
PAD7_PadFx1,,DdjSxPad,,B043,B134,,,,B043,B134,,,Fast;,
PAD7_Sampler,,DdjSxPad,,B053,B144,,,,B053,B144,,,Fast;,
PAD8_BeatJump,,DdjSxPad,,B04C,B13D,,,,B04C,B13D,,,Fast;,
PAD8_HotCue,,DdjSxPad,,B034,B125,,,,B034,B125,,,Fast;,
PAD8_HotCue+Shift,,DdjSxPad,,B03C,B12D,,,,B03C,B12D,,,Fast;,
PAD8_PadFx1,,DdjSxPad,,B044,B135,,,,B044,B135,,,Fast;,
PAD8_Sampler,,DdjSxPad,,B054,B145,,,,B054,B145,,,Fast;,
PadFx1,,Button,,B02A,B11B,,,,B02A,B11B,,,Fast;,
PlayPause,,Button,,B010,B101,,,,B010,B101,,,Fast;Blink=1000;Priority=50;,
ReloopExit,,Button,,B019,B10A,,,,B019,B10A,,,Fast;,
Sampler,,Button,,B02C,B11D,,,,B02C,B11D,,,Fast;,
SearchFwd,,Button,,B012,B103,,,,B012,B103,,,,
SearchRev,,Button,,B013,B104,,,,B013,B104,,,,
Sync,,Button,,B01E,B10F,,,,B01E,B10F,,,Blink=600;,
TempoSlider,,KnobSlider,,B014,B105,,,,,,,,Fast;,
